;accountId;id;name;profileIconId;puuid;revisionDate;summonerLevel
0;fZijlyA2VpU4My6VgL0tLFuaRfBaFS7u0mJUnP6aVtvyp-4;jWBhQL6Tb0GriNKpqEDdj0fVmYm6SSXxjCvwROmlMl3X;Кøшмарик;4022;8bpESQz1iFaNIFCNKR0h4cgSeqJBPlq_la_0Mv0RMIjLdL9DsqexErBezcKc6DxO6ftIj81mYVldvw;1558958555000;187
0;8Osb73prxI5aKDNS-t38yCKkmmUjIglPPnF9Y63L1bkviMw;fAtUpEylgbSOvSIZpdL09LCHGRXaLeDLxyuYflslyUGt;Эдя;4101;a--NLPULKGaQaPTYoTrlkpuZNsmKblLgrtAn7IFGLNtd_AfIPozD4BuB6_9RIbiGnT2pokUQol5TxA;1558988019000;198
0;BhjFaPjpnGv1uvXiyPPuCroE0XNgZMQKqck1TZpBsFg2POw;bItfEzkmpQhHuYqkjFbO30YC6n2hh_P1MQRzl8QcoIp-;Xandus99;4086;XHjPy2MPsWlkVYY6SNrhb6zTbQLW3h2z5iNz4LP0YxtXuRiJXoUGKXDALUlyhVgFRH7JRTV-zo7tlQ;1558989729000;56
0;ulOrxOZD6pY-ufllDt5U-g8efgu7S8YFYIsUoasIH16PxIw;lppZvJSXlThY30FzaC27Arr7Qr4ywnQRr6iR9V99U1tA;Барракуда;782;HHwnJJVEgnJH-Scud9h8Ec_UE3vPTbqGJgqBOqO8TYrbnk1XOuAqEHaxkOd9OaNIGqwNrQaJhFR28A;1558531299000;210
0;JVDIkko3A2jqegJvkxIRmKDLpUbePD-GSPpnKyZdMZYWPXY;QbUfMDtr7VVHbQgK03QC0tWA5siSITBpbhzm0Xa-ucwLGA;SunMoonSky;4090;ywMhS5KhS2vi9hSFUoXz-a28uGtbrXuxzezUWE_bnvob59Bhqy19LHNaHpACNgDPm_JZNr0VQ0tkVQ;1558892974000;142
0;DtmtyFv7NMdUKZfgWvAqlH7pqoCUm8qs2FGi87-r0JuKm_w;CN5fOBeo0CPsXxbW5j5RPSPNOPikCQlohCvFOjAzQipg;oNy Klin;4022;-LFi7uOo-MXt9AaLbJvSFlHbwqVcElIAIoGJtEEjmlgBkJO_gLlUnWd6McFiU9aUo0UagH7VldlM0g;1558987506000;202
0;FFo_KGVQbUjRnip8yJyLilFqdmKvFCXq_LV5objBKf4CFzw;mQShW7gHE_qBVLpPfNlKSXRd_suAgdQXTyEPzTzSmT5toA;Ready To Die;1109;AZcFvc31PKXXFiRtvNPUPCPnf4--yDKhvm-vYPygIVISzIZ5eJIZjGB4REtmLycvyqPFJM_TVc7I8Q;1558962506000;357
0;oU9n-MXM76-G-Pcgv-Dlou587h_mFWkEO2l9IYScnOb6hn-WRZ7AgYrU;H_6AgNnuUbjjrJ7-2GFXWo6sFYPdP8OvRRuymcbO5z5LAJg;Akatsuki122;18;j6ufm7nrffUCaBVvLO_0yvBGrdBaZK296ArFUSyh6_l5E59Uyp0OX2Bk-n61v3dKAfSuKCjl1PqldA;1558992979000;62
0;FvYxgriaOrL3kyYkrWJmyEc3AAn-cKM5lK7_kVGLla_HDiI;qXNmSmLF-aCeLPp1uqfYvVJmWk_sizBlqJo-0xkRcf7F;1t was me;4107;rmN5xhMAK6CW4fn8pIPwlY55FIEmYqedPxa2BeMHttI1mwpdwzldSpXe7VM1OQYtIxwOHFrmfQPcvw;1558965299000;121
0;Xv44ff8x4UDFTAUK2lcWGblZ3wVPJw6LDeztD_Lsd6maU7I;uk9DRnjNc4bxXH9XXy19QG7xvIJBFzF2QfGh-zU0KyO7qw;Soló;4081;JBkqjBzFsvkog4Tah7hFYFbRGlmjHY3QQrL_fUsAgDgtxQb3znL9RcQ8Q0tiSJ2hf_XZjt_zArxZ5g;1558995705000;190
0;nPAA3eBlQna7fA5OK1jnqwVN9-lXu6Z0w-nHU5DbZzrtHWc;JnqIIXDRmtWxWKz5MReJJ6ivCHxSlvJKkVELUO4VUOrZyQ;D1 геном псины;4086;j9YAJzyqoK_bYJgyYvPod4irEhQQHY4fWX5DW2m4S0q4Q3hI24Nd0nZXsijGAWJnsNqVL1Jp6H2TUw;1558933715000;248
0;O2K4g8TfAFLCVCONxmvOP4kI9U_c75-CY6kx9pglzXqHyhs;tU1OXp4NsJCF_lGxKEJhViFAEtPOqZotciolJQpMzzpd;Hoala;585;QSiW1ubVr4HZsvuLlbxKsUUBCYFYHTgPgF4vnlezK5Zy8uHgfWxHj8O5-gCFdnNFkiUyA48Ra3nBvg;1559004272000;66
0;QdLIQTe8zG4B1tzm7unDHLlZ4fMVfxnQb7F8IdWFKj2c4kukkCLoI_ld;JR5e3GE_Z_VQOmBK2OuP1-hyf_kEOsQKWg4wY8cBTEXjSHc;SteelArs;3587;vA25yysuMU_R3p_BoJ5mFgS8b3-SYn9rzQkwK8rocODg1_zUec6soSoslTBl0pJt83MP20U1e8US_A;1558972735000;62
0;ULdBlj4XaijtrRBrIl1RToxxvx_QXFz1nVE615P4GyukB5qZXT3GYuSn;STu7Xv0LNaQyN3Ke0nDfkYQhwxY68Qb4eCFAaZNBDrQjjpk;mSeHelen;4027;BEfeOldlmE_L9Ve_AQxuikqdnoD1Eu4FPDha7QrNWcwmK9zhOYg3-C2OVIrE4I53CRgDGTFeKgqPYQ;1558644711000;52
0;fjY2z_t0JgDRDbG8D42AU1B5A2dZ_ECOjzYSH4geJBTxUD6r_Fg-wxZS;nC7V3BYpXOONEUKXEZ31Whu-OUwN6K-hEnR2dDvPgi2X-PE;Hibo DeNeige;3184;_xcpKRrEQNwbVjw-4ebq-_HZdR_0O9uCkjsx_k2vTIqWdbH-OAhferi_8TUlmw4nrAEMR3pHA7ZfoA;1558881537000;85
0;eAMVP2UGv7hxPv1LPHtavDEqqHyeuQj2dFLqu4O0KYvXmcQ;0W7hRuqNPDQu_V_l5qMmio3LqST1vOLfPfDJHOPcAs0;Support main;663;Hsf-X2zclKU8DZ81FUFaki0OnJRzZDmy6_fSRRd7-f4-nuRyjKvpKc4pCqv1aNhpkYBDwSUfrpqncg;1558828507000;119
0;5VEGFZ_MoziJEjVYqhGG2gMlqI20C5ZySrk9VbZBBdu-5EHVbxMFfGdg;0FWRDpAQD_aXHzvdeuSrMJ7f7ev6oFribHX3toE877-rsK8;loli haet pools;20;VABtIKJo94KI4J-2w2rhOGMkWr8e4C8Xj_nUEuUaK-eF_IPrt1UwglK68Bt2PD2Y6QitV1tgSJjxIw;1558996438000;46
0;ZfLEaXn_tys1DgMFmWTqJkp0A-FcbZSL1B8FBhIym3lu9Pk;giXojtXGAhwtSrZ5PeQ6-Zkdan7Hh5bUsElpDtpVyVU;Black Agate;3002;Y91d3MXDEMJmQR2brIaeUjt_V2FrDxVbHE_1S3gLL6NAR12lEufJj6k6geF0mulm0T3VkB-BVxh-_A;1558991688000;223
0;9CtN3EwnCMJUaof653v7KtZUGy07bsndXOck2EiXU9XSHrE;YxBRVP4FVVc9shg_T64He0U4FZk6iax7ggulte1QQsar;CAHEK28;3898;p2vUeVK9pMFQnXRLjfNjbT8U1rEkcYdd0dDOYr32CW-fC4hjSAVuceumJ2fXQb1d0lI6th2cjvRn3w;1558982113000;77
0;Q7yDcUnKAD9nxgElv3XWWDgpsCufnGOQtbDYJtGYksrcLZg;CMAJRQw-TBu_7IXzdDrWmVUcjQswiCDGJh5_HoPRhq_61eI;horny kid;4057;FrY8BpM7vAHfR-s6kvxMlZzajH-STS_Jm79w34PByJ8vVKvbESb0ypwLEvSozWs3GlCuvrRJ8nSqzg;1559008563000;100
0;6UKtmnzdn3P-ynMvLgMAXbFJWSkjA8XeyDY4gk85LrpIgSM;_lBZhKwVtBQMur0ASjYcwWGiphKLRQZNX3lGHCFx3MId7w;Road to Valhalla;7;PUCaOKlLzvUeNKmfGWv393cWkU2U_Ovdko11_uVDNvsBYknlcdRxVP2Harl_1ZWx1WGMaC7RUzD82w;1558871863000;146
0;FN3snb_PdEneQfZUpZjiBQvmwiLpsB_DPft05VJucVXTotU;LfwnMlhrkTeWB_ArRIT7sVJn-PVdoE5FaxC2Xc1RUpxTAg;ZerooBat;1426;k983pT6WoeDDoZNd7Rt-vl67ttDRTxfXa8J7WbxurE9hQE7wgSC6f8JdiJ0F4ySNG4I4buGOKrE9bg;1558995242000;173
0;BHi-XBXUw6uinfG28he-YZ7yu1IPZuuFLhi2g6TXGSvFj5EsK8p-A-k2;qtqJNDchMoSji8mHgu3FmWPzVQyMETjC76ndKWdCR9Iiz34;T6 Rusty T6;4086;FQcZyA80OKKLlQa4WFNybG53RgpDODloMA6YIAJqFOGqvQ-TyTe9E3bzWItcePnsGBtWjc-9bjsx9Q;1558989790000;47
0;M5rgiSv1WbKsvcZR4pJJpAlh00ZRO-xfdRO5DGnZ3fJ6nnA;xsuxw0aEN3cJ6mmegb-7dV_fxxHVUzrN7NCGZOn-JXqcYdk;NeMiRlee;3613;CBB_w9UurNjpblaRyu26SSsFLk-dwmLFTkIOnKvhUPxrhdSBv2shZqVXXpPJd_Pg35rneLsUjOYgFQ;1558984169000;168
0;qWa9z7Yg3z8CAO1CLNgPfH8V7jdo8Lja8Fjoy9vdUSr8QFs;A9TojiS7DMPOypNUwMPkemyEinehx8UzCOhTADnAL3zwLQ;frenzyk;4087;HhN9ffJRtNfXJ2HZwgMO0jL6Ac49p7u_XBN99WK_g1OIQd8PY7MB3mCF-3iZxf08aGmYURD4XDXC_w;1558994098000;162
0;GxzPCV66yuLECUzlkE9VvBjbIYxJQptNDX68ECEi3BhnlG9M_BTKQ9gr;n-Gs1hj0nTPGDYLkSpRQeXO2AxcX7oYiOoYwh6RVDZXIfV0;Galacticos He;4022;o0iQ_MLzrNUn5qQsX_KXqqwyjyPCIt986gwcmaB3vv5REVwLetQehQQq1NpQw02lWlan9NlnowI7dA;1558826024000;101
0;_oH0yFuVNVZHamQw9AAdXHzIkfmSvyNA5DE_DHYZRw0h_tE;-Qxg1NJFTWRorjdjPHUS8GMhoj5wenM2E9OZK6MK7bs3;Nambi;605;Zh1ccidhTrXgvBLW-vTOBB7u8wiNNMTd05wvtxR27fTRElhMz0ViOB0mJilLlaXAcY2kW8FIZvPkJQ;1559000352000;200
0;O713HUe2J9PA3OQtBHcUfOahrjtlzrM2adS7bYvoOPllb7g;g7iO7sY8_2xkuTWQuMxqZObDv4kcpNMZOHWD56mCRalgKA;MeN1ce;3160;dW_M597scWkWMcDl7vEs3Z84uXLicq7UDtafMyAC1bu3FqeddZLc1s6SiQs_OUdM2LnNuXYd8pVOKA;1558605039000;243
0;kJmHzBed3jXqCaN5Pmri3V4mymeoFFKcx_rfxSxCHN4yx8E;avdNu7VjGvRFsEb5-rBpfVfDYv2NfFsDdhol-b3-HYmVrQ;PoorLostSoulsV2;3898;MWwLmDMNSaBSxfo0bT2DMjub-syMexP84AzKSl_GQRBHVqXfxs8B72E8CQQTZe2Oxu7bMdF1Zs9AMg;1558876377000;56
0;jonokuel2rDtcOcbauHC7Y8otRnQj4wwlPSPEqjvn63IzqI;svbARI29FVStXKb-qIRAcmvTbMTsiLfGoTQrAaIMT2H787k;FollowTheMoon;4089;uYcfNBlFvFj9akxD4QOobNNapmnQbdMMxDXczlVDNhHlR5QgGXuSWiEKLe7thJbTWzAneb83FPKtLg;1559002176000;85
0;UF1SrD5NIO-U5IxQKl3OqJyc_qfWX63FzalcdZ84hp-rZmM;-1YVsJB97NPOpeoMMQvFKiioAteFzqT79LKZQptE2OO8918;Dropbouf;3776;lq8ZBnrwRpdKokt_8ZEzlhKDYyZa1bitEcHH_COmFVvvNWjPTBUfiQizMSL4pHp8eWebHDITNfGRSA;1558989013000;165
0;YNvACR9hugigxRNlsWg-WiKeUf47JQGXiYxRvrtKXXQKkYE;1S8lFpVJ9PbYeaJ5jThssXFSMPWHtDDI1AWRXbuTeYbzHg;pikachupwnu;4087;LYnNJXZJGBFFNjMCFSWU5MY97zXGrZfKWXiLF5NNoYkif-uDkSU_dm9RBo23QOEb5EyaKnVV1akqbQ;1558994098000;139
0;wcdgvwBGmUll4U-jlXrs-qLljs_asuDGEMGEAlPfiTIREQM;qoBy289WYlc0YKB_qumhUGaCUAb2dYXvnYr4c_nY2cs;luvrei;3174;nj1oGeqkCozoEJ4cKk8goQd7Z-PDjpCH33tMsCqefN7Z9kf1x8AQBMhpVioqakMxeLDAZBQEozWj-Q;1558989583000;240
0;s6nNZIUlTJrdgekFEB2-TcG1R6fo6P5Xi37F8hQ2fHEVTrw;Nz3WJ8SgVwtFEPalJsuHrgrrgyDnfvOmPl6ikoB_7tM2Ro0;Моя эР идеальна;4098;sunD7DKLPhiwWNdH2gVt2xdLsh_-W_gGQmBUpRsMdvDZESOu8aTlLdg-oFN-ZoNxkPPpOLjY4If4dw;1558992979000;55
0;A5bbtlz7kv7KfuefViiu0-x6Jpgb9SZqM8kXvvQGWWjby4ypBzxpnr0b;OOUKm5Ck4HXR83HXCV3rVJZfTABU_FhkFtEW4Cs715VjS8Y;Katlа;3836;h5Nh_4lFZAMwk_EXpJOUgZgs1qms1NylhDifEKTLAbSAKYVIIsV7O2kQHkkvkqfx56u6qUAbJB24VQ;1558982113000;87
0;JPMBWOdlVsEDnN1e5XAyl-l5zhe7lOLhtxm0UmhsJMc9Hmo;5QNle37vOBooR_UzHQsQUFSKqSHt7Kd9yIUs0k6COQFy;Tagliatelle;551;dq084h3FvolxLoTXZ5fKqYlf87n-zttaW4OXGQjsmLga-V0U9jIMMbEvaN2qu730AQkSWfy80l1BzQ;1558741553000;238
0;PfU6pguc7zrNqbXCqBX4BATfcfur7CcmUpAx8_r7XhAz95k;UWcvOh7DGDBIl1PRToZJagKr791Xqny571aWF-94XyMD;Ferro et igni;4086;yAaeh2yIxkYgihMGOK6tayTJWoPIlyo3nFvyYShNgDueUhQD7Isoi57f7AjgIU2azO4X489RB97wvA;1558704036000;73
0;YAD4ayiTLeJO8gUwCJmKx05ZDgmYElkBkKiWMoXoQTfLwcP__k2PCwMg;dwh2gdgD9QLfAuzb_ctpeD9BpJjTuODJe7whH5fA1RJL7Pw;Pаgliacci;4086;kVGtdr3EbsUrY3NFs99dX-16aAY9sAAnYWT8BSFBRd0fosGzdzAr3F7zy1Y47zkg-ussXwyKae9n9g;1558982113000;66
0;GfCS1mI3ji5sX5bhtO961GtXpwpXbHS9hvoPvRBe6Fjz2zA;ydyQWeWn08ulFVPmE-UOXfuJJfIOFmaqiZalPE8xeH3ttg;white silence;3836;mytAhKchd1MDS-xZ84PJjxb0qWzWJ5QnkuQASGHjQCo5nVUxUgsD5G2VpDzwob2ftNSOLYHnzkJGIA;1558989435000;71
0;e8m1LSoEOW4YJbzw0zkDugGjnboG7UtBAx2XuUFv_iv_0mY;Z9xq_Y889MpvYN5HX9jKaT-dWYv-BMGznnwoATvZJgqSmQ;Warkar;743;KkqtLxa3UYYLaKVV19T_M5KWslFdbXYHDqVI8ace1voU-Aa3ISQcbV1OWI-PKOx_cfywkBpjsZdlWg;1558984169000;90
0;0CQ9K41keovcBqWqCRUJ8OwnbnfYSnQa-z2mPWuAkJLk2b0;VG3FJu0-PKQDkzcV0-4aUnAEKednKmaSy2zjLB47Kv89PJI;Welies;4086;mWGD6qNgFrW_-KjCC3HxKEs31joOmbeA00GQ4f3Q0CEOA6F6l9QTmh83NmSz5v-3izvzHylAJ79p8g;1559004198000;183
0;-F9wWIuBVjVo17YNIv2lufViaNoSJuauPV0pw9xeQZ4gpac;S3DewuNkXvZGUjBn-4EnHZnE3MH5wgD7sdcVKMCxmmWcPg;PewPewSunstriker;2088;X33q6UttVgGrZuh8Qs7wz95s3ZpJnI3g-vIfknrYFATOf85pN87jvcBDcCBFY9O2xkHIpUzHNnxR-A;1558794554000;127
0;a2_cZ-BDxGLATP_5WaddNi7ynPKBfQMzHM8r8i1FyePLwIo;ydW8C0EPzes2hSSDYvqYmfG4NtKEAXOBLg4_4hbcY38B;Gottor;3159;8fmRYPNFVaG0U2FMOcGYZibY4Ip58ptG30JSQ6ptshmBCEEG12CNKiRE1Y2V_vjTb7LZrZPI9hdLFg;1558988650000;172
0;KbKmD-LA3zGia9gGJAWn1NQL0YDtrR0Tm5LCgDVVQucevOalKpUpHRlB;iUg4B_DogY5s77gJF1nJUkb2bJdGj8oXvmsAANzu1u62y4Q;leileikiller;4087;LL5dfWb6PkxfCuFPKFbDyjFHSkO8H9RPYShFdeY_DvKZd0wOUSqgWr049d7Y4gvxLakHbqGYAxJALQ;1558966219000;63
0;FhgJz73m8Vnc-hdUvU5nv0cIROm3rDmRs5dqHJJw3g6GP7A;Ll3AxwIsngJMMHGpiTnKrzlBPiRlQ8wXJ9ctHpMoCGLRqg;S1ayter;875;ASXrEBO5DT3aq9IPSLzjFJ2iiEgpk6-iVREhDKBSis7fNfQK8NA8feW6h4xF7Y0YKV67iww9F9ACbg;1558991688000;321
0;GfqRtD4LSIbNZY4l2aF7R_8h7srXqPkL36DJfdA0CR_qU3o;HBAfjFMk8dhbC2YHyvs9qdf-Cm-ppGGHxdSnOK2BZEsi4Q;chelovechek888;1589;kngg96Kc4_m_H-Prpk7blaA6z_Q3ZiMt2wEJ_-NooYfLFVSM81UHd-zTnyVOegFN81exZlR8vHCSig;1558999037000;84
0;80e_GtrCXJTNY2yxE-iIOnqyjajThj1vebcfsZ0paECek7A;uMbLl11a_vKjOBg4ZZeBjqqnqkfYVLvqAAcwI8wM4T-atQ;Himeera;1109;-bcP8CnLuLlDJ98eqUMv_3l-X0q9Z7b158RpFKYyhVQKGA6_pOINES7A75mi9vySA2MTS7JXK0ongA;1558994098000;128
0;fM1Y0i8Czt-E_xCwqmO7iYYrS_PcZsBKyJinAIWwLhZ04Ao;AeM1BoHgEXalEJMqwe2sGPvugS8Wy1OhId-sFUECX4Qovw;Teacher;1630;oaUVzOKV3XrrZbyWUpS4y25RGGopk8ct5V7hp0ioEPnYaq5G5gw3-CJzU971QVLHYBLFRRS3wg4Rtw;1558995242000;50
0;bkVKlxw6XDAwg8QLtSBIm1hh3lZpr8EFrH2anxDxUpuzei0;q9SKHv0Rrk8a8wSEVW0bj_M5FPO7PUic9VhkNLIk-molRw;ILUXA2011;1425;6_i07MrvXMpjrxdTde-dUSvw9oiul08K-wyimSYCJ_UAo8Ho-hNYWJFFrEDU7UfHAte0YsBCQBqeXA;1558989608000;276
0;oePo355mQ-i8GtSVUTiXMkyaXtLmPYzCuuaDecdKUry-P4k;c2poknwBs3AhkWURet5w1oc9VkO-h-pLKMkenK7eYvgKh7s;ex girl;1588;oK877LEcn8slrle6Ilq9QBvZrNowgYMfoyvZwqb8GOz4jJ_iRC7u3nud3-IAVpJrOA5bS43GUZGKqg;1558975096000;106
0;QQTG7t82HpZqcNwu01b-8fGd2j5W38yq03u-SNIgHksXsKg;x_h1Tb-PAS_A1D2poZCM-QpLF7AYJKpX2Cv4c-0MhIW_;MID SO CLOSE;4089;7SMKI7oL8JWTe-2hhoZY7MhUTcWHu0wMEXb3Xn8ttfntClbj7e-TO7dWqU8dvgGQa2-UbQawVBmAmg;1558976798000;325
0;wOJc0A6euuu3niEV2tzhdCdFMMbc28cfPd222-8Odi7WtGE;JbKz5B8IFQFu03NDpV6ziit9nm_ryhSGpkSGpRyCENUY;LaisMax1;1420;4flmyJgvhqi5FTsqlTHfr-4y2B-htlPtjE5hRXMfpNts4MXtrzfN6NyCHKA0QKvgvvdDOmNr9WvGuQ;1558984850000;106
0;Zwfz7hrsPvMR0dBgLkdvcLM17-QqhHv3i0XOGbt00uWu5Sw;A8YR7KQk9Fj7xp0pT0NT7QhMRS0fANI_Y3CoY7NOGqSdoQ;D3stroyer UA;3502;MInMopovnYIOiJCNVnBpITu1O45rFns_1pIXipV-NkNMKqq3KyTQbz9hbntN6IqLNkgUoHgGTI64Fg;1558995520000;92
0;w-LK0LG94V5DqNiWJK9LeehMm-TFjPiQQSalcAnYMNut9a8;C0YATwwk8gCD9LYNM3iuR79uZvgjfdG5LSrLhKDSZC8;PRO100Nikita;25;b9ZIe-4R4KwjQe22TVkSg1yNzkq0gwEtq7EQV1LQXW1jYehlHsqANVI0A7sLNQyvDKieYL1MFT-afg;1558976843000;70
0;9-5GUWiSH49EhcejZWkKs50n1T6bNQg6xOMaXsHqw4rGFMQ;pkpTr_6F4pnGQ_IqZ-RUMO6mB0XBhjgpb_j4s_hvlENP;CK Zarackkk;4086;-_8-GZ-qRNdC7MMOWEWhL5mAkGybKYM75lO3sQL214j4Lvn6C91p90zBNoYGqlUn7Cl4DcEVDq1Axw;1558621697000;109
0;thma7_SK3ZcKmtU_cdxWZkfq6FAHYXFK3V2d6uV7Ozv_0m8;sBP3dbkssZZSgDhVb0UYqPkLzdUuik7u3Kktmx6pqK-h;sexypipka;641;egfuVAg-XbS8vkhLc6QnWimgqq0kM2Y5TJGDijFNCJSEQF6KPUlUnUWvVqIql6eGig7uHgzK2q2Z5A;1558999037000;40
0;4oIQZvStuxInuIx4Yk3QjaixmQ2AyRqDa7fDKsqfhkJokI_22zE7jjRL;0M_HElZJ5oS8a6QkGGCgPfUzJgHPcoJNkUEhASachdhrBHs;RivenOTP;3014;EMzf7DPXz6miwRR7seHRXk7b9Hjo_XMntXBOM9Uwwq0E6MDrd2DiuHMja2SgaA_td5bnFq0470BCsQ;1558805012000;95
0;A7w-0Aer1vcFZKRzQ69hVqKvWGvYFUOgcsghWrkGwevNudG9l6FoPHl3;rlCYW1QposQ6Rm_9QwxvN5PhIkPMYe_2zN3MdkZ3ZtMcWF0;Light XOXO;3797;A5rCXoKC-2oVFbgJoXy07ibkW3XTeMPsRpLL9ppyP7isF91myzVEykZExL7u48D5EDruA5WSafFStQ;1558989518000;59
0;JilL8bhNoA0xMEHMdaqCZ2Dw_6MnydbGC6GKS4oJ07DV4Us;4-YLnLk7HXd-gdxO6tXGrfi2vUGzx9eOy2HH5A5ANn4N;ПАША САНСТРАЙК;3379;HP8UQjMT12yb47_Tlo0NsTY9yxfOuql0_SPDjqWNbbl9ysutBb2WRnrPhR4-M3dUuAfXW3J2BLUg2w;1558851202000;200
0;eb6q_Xc5_-aeHba0Cn2hPrtHNvQpeJa6kxWK_FiU4_UzWi8;EGdCR3xNZVS656-AeKjjjXaWxl6julXkloehCLZObnEI1Q;Santiano Fan;565;1_krjoX67G_Oh1ZsWgXRvNGoOqgNeP5kPIFgV9Qf5U6fv78_Kk_BsBP61tgnj3rjMQhzYnQQb3YtHw;1558994362000;88
0;Nw4WkWq6Rfhq9KUCiX21XxE8hBdPIYMnqXSYO5g-0BhT8Ss;oIASiOeV2Lw8emLPf9V830Z-dza7Qy-lTlfbzA7JQQap;count3r;3378;6lMW1Hxn1b2ZWgX6bTDs_2Gron7_2qmBGJbEUVyhfoLw_wTH2qtDfwhw3rhBERjicf5cb8BcwgkCHQ;1558975844000;126
0;EH8fgoAvGwflwUKLRe5GLZuipdXq8bw9umWessKHNdgE6S4;LCeEkVCTN78RwsMr1j4MVgSFoAq-WNulrDgF4htNYGiF;Sûl;4103;bDTSBHJZcwkHnJ6sSNOIw4uEVeIWopudNzJXqeWDyhxdlld-JOzazvdpkq6sHVcDJdomQTaNpQNv5w;1558988696000;167
0;-XLlUDt63TesgQneYdf6O35Mpa02wKsWpKGVqHpizMdfKDc;hFnFd47KXQXQqJOyxb1RlAgqmlOWh7vIlOo6nuLSbEKsTg;Serb1y;4086;ZQ62Q5Uh8XE36v--2N1BvJd7tiEr4YrazmuVb5NR1xtT3J0ZcW4XerMuBLVhYPbQguPxaJ73HaKMhQ;1558993834000;199
0;YfklAXF_Hg932yZWAGQ1n1Fs4IX9QtHWuw6MUXuBADbRVrE;ykoZLJODE_N3kRvBUPPfLJvUHyqJzPBB1IhQPb9DiqySeQ;Epoch;4089;NI9JUVGgFlFGSVyS5gblQzTAgRWiHKyYDBEhcL4kiRs9g4Akb4m3g733F8vG-Z2T_86ApRjVfywCXA;1558891392000;96
0;kQPiGmhNQGyL04mO0WKXg49cIemEiy6RKHCmrrVSjvLAE3U;vtkR_qBsI7jNQuJDv4P0HdslZB2OfwBlbiXpmMjhKmE;Skleón;3567;VLcK_3rhyybckNj-FxaduToWHBWU3gK1SFA3YSVOpPGmzh7kXKHnDneg3rXyIAQgAQgYQyKGtwbznA;1559015513000;213
0;gwtGsL5UcVqnwbuvnhupZtCWd2I_Z6gYTKg9700xqQfqfag;1xJcZcPBaZXwmmWlJJ-syWlpraIzWmrP3_X4Fcu5OWkpiA;Jungle DaD;4105;_otEUY8oGyFXDS3IzqTWGRVUaWmrQnFYxoVx6jACyk8_H5aQKV6jerhjufx6RhdqGXnedS_Lj5n1Qw;1558994943000;308
0;TUhG0OGjtiOZfDwtPQUe57agsESBVwwIhGkCmbGP8cOfG3s;vOah5MSLt9h3J5y4QKOwKl7T5dYFpnWqLtnR86PrB3lquw;Кубаноид;3534;GqFwS5bxph6xaqmGoLFsLDBz2LzYRpCNlEiGPIo1Zh35fRih25lVl7nbW9LN_Ye9nSfvKtF_WQAMCg;1558811013000;119
0;LYociiCufVyZdUD9mOS0t5klQ5VfUVMlwuP6YwW-PfZlDmA;ZBpzypUc3hcxykAfH0xXawkw_h6wPDNiKyPspokFCNE9XQ;l EsToR l UA;4088;wNzgrqIauUlC8w462bSlrHR0ZX_u9uFx8m1YD3sAoEbfqnM-nwmXXQ4J2DFVMdbOXMyWBgJ9RlzZHw;1558988959000;63
0;hW2bgCiXNNyozNCAAzHgsblFkZDJVVtfB-QTj1r8pzsWkjo;iAymEUC1j_6r12AOrA1EoIoasAqothtVALZB_2v4AYzJbg;Sаvior1947;578;GJeSs9noDmVAl0mW9kVmGCqfguNS54qpSNA776rURK6O9dA3t9sHU0kXFqbdMa3uXTzXAM3cXT-eAQ;1558979754000;272
0;FfDPb3E1z3pscSc_VRMoctwm9M9xhc-EOe4IjoF-PjN22UU;ihTj5pUA1EPuL5ov-ZlrzHVRbOGWsPBxS8NfY8mQDLvr8AU;Smargas;771;geyAIGGD7j38Ny2vbeAQJzizgNVNxoW2pRAVHA9EyBVBnWYs0mgBEdRxw6rhYHQRarpP_RiEBL-puQ;1558713070000;49
0;rbjEWRmim4ZTPg_F7pZr-klPE8JL9_fscBXGrdpR_dRAHb4;DQ4OnYbVItHAMC_BAoy8snplEk8R-2q8D16lH-o8siOSfw;Рюmo4ka;4050;50QhcNoezfyaltUrxo1AU2IFO_gWEbBuM7QmZM2_jpWKaAQ-kkFN6mJ33JRJdV4Ak4vhF_MEVuUMJQ;1559006973000;133
0;gDLuQoyAcesDQjcvCisK6kIOjjJyLnxwqW9INj_RySOsJwgSkm4SRB5l;3-knLe0SBOLUlX4lV30FTJSuHZ-qgeVLo1fXF9qd8UOkG0s;DUSKBLADE1;3795;vY5UtixLIzhvbCTiG6-tpC32RWB0-W1lyC_2kZfZO16z91YbFBhEamb00QJB49ggZcZ9_rw9Dg_w7Q;1558992979000;87
0;smM8avLeGgcB9_F447z3WwCKtz3_6Mn2VfuZyV5zojHXeJU;JCI75jGq3TV_HZC6HcB7J3Jc2_YwNO_x_fkc-lWenmkYmQ;Hasaki IRL;606;ZhLzSWR4n3qlQXxbq91Iw46XeGSxpUUs8R7AZLaHLeelCF03Hi867VQnPlwEtWAyugLMMEVw9NDgVQ;1558882952000;237
0;TZooPD0tSY6TvIXvBcnvrbYmU0nILEDaWJDK_s3HvFfvtcw;cIYaGL6SmUzpCYqMW5a22NrrwgsM5_xxHCbz7yePS7x-iQ;Blinovsky;979;vZD5gB_uIhHpHgOJIbZF8Xxr42qjU_2YpkxggdNByAyxTlg91RT9376QtXtJLrqAktkf99UeTy8aXA;1558990542000;299
0;hRk14ssyLZecX26GuJRDj56IZIxNBlKnQk1zuEvU9O8l-t8;YnV9my_xvqw-7FXWIJKuhDOJcfF5EmfDtRRxU7S7qR3IcsI;КавинскийНайткол;4031;m_2rczlia_uuHLnPsa5q1ib8FniYeBwWCsBlcQ7ycNd9UXbPrwjlaMFd-a1_pJmmBOJC7SWI6WRmDg;1558730477000;59
0;QvOxX5F5J-JtVkmGfDPrpzYnsv_Kb1DHqDEdLiq0MndM25M;gCfIOUNSk38TxRo57tNa4VERkWjN5ahKtqQYFujkvzqw;Indra;3150;Cs06hjg_l2lWGJv-pF1OjXf25zaf0hM2he9VoytDpNX1vNLUnqOzMXC7vnLs7MrbfzTLwDZzd8ywpg;1558991998000;313
0;zesjQhE8LkwA4m2AO61h-MvoBeQRHpwWI1W7cFed0DBRFIo;gOm9-hG_qLnaU5bDc8VeknIRnRr9m9cHV3VxV20RynkS;КОМАР МАЛЯРiЙНЫЙ;1113;8pzzcc4egsGNkLcbcZ5qYkvKNSW3CsIRnDiL5Eplg7AxUZibcq5wFv6ZQvLUYzEVXl8PYv1E0qslhQ;1558981595000;116
0;Fy-KqYxAVOn5yufUbnf4le28Mj2QnoeosJRXL2qDg3UbjYg;t6oeOEKhLR6Q18kDGZ_uLXqkz1FR--MO_C0sVzQKLtinCg;  Ice Zed ;4032;l-ZUvEyu_ExrM6rdxD4HtrCLjzVfgeo8tiIFsXQAAeUcT6xDdHS06gMBB2SFlxrxQficx9hdVWxmuA;1558999037000;313
0;0mZscCf9kAf77p5UelrLE9dUg4Tm2l7gxhr8HP8lrqntYE8;VZ2sTVq3A_aBNccPbo8KJ6ascXN611xHb6GtZQumW-2x;Black Cloak ADc;1211;0ewAJEheseFyo7w4zIOJj6SXE2v4DPvh-gc87shZ_e06A4J97JopjZ9nU5PUDb5KWHCx_GQnLOcWkQ;1558976711000;169
0;HTxO0hk5UaigTqgzDCpf9mzIoeSpziI2yxNT9fKeTrAO7P8;KfgfYt_-F_ucsSq5W0-okP7ktFux-IH3p6Rn5Bmp9H6F;Teogen;939;Q9XZlrzbHurdg-ZlJqnn5zfxNni_62zmokCNp8Tmk4lQ56NnedxvVcUvRhRzo6Rgf48kWf4vn-Ietw;1558903288000;101
0;oU64PCiGt8seVeIb9yUYLQsBvZh_pfEj-jkHiftKoTMgNBY;z6OJ5uCwynWf8xlnFaiOGTYnhjEVb5aqCjrjytIgydn4;Poyalko;1590;HgVMXh7evqSPyp30JVPmjrqRhlxbTGWG8ATP7rfTEAbp5lDbUso21GqqWnANMyZnaWXUXlkCWdmIDg;1559001453000;169
0;sJ5w56bD56_GwH_caNW31k0nlbK_FRjFEQmsrxXRGvbI5w0;UN4-uSEjrH1Ki1Rg1T5fw1hLfO4mLbf86kYSLmIt3QrQGg;Ванюшка;6;_jmHs40q4g2L1nX_WIbejK1AuEHkK-tInGPvEQgMlyH60aP8S0AYvx7UUAdbckX358PpjOj1h6D69Q;1558996819000;102
0;QL_F3_L-tMKY4-rbEFvYRX9negDlDDGjU0wZLdihqkOdjbE;J75_Eh_L30wSXV8438-u3SSujAfTpWSzpTweYG-ibWQYFg;Speakeriter;3500;ehFQ6oKG8aiAzLXj-EThtVX9iyOOupSuoz9kEbBdH8ikpwqkDqf2Hzf3TYI6TfBck-SDkGjD9Aez2A;1558807881000;123
0;JeCUZimXECCdo3XDp9nx4S1VOioCdltqoO2Vn2QIVhDIqX0;HmNp9a2L5y_8dJCkOp3HTOM2XJRbX7gV0eRNE6ktedss;deffinesse;3797;YrIICbxpNuze7nWhq5LgLzzfbr27bEpyAaBHTUb05VDP6c31dyMeMJBtJVQb2isG0V-l4se7zTO1_g;1558972735000;135
0;5v5KgkcXNqm5_YX1vhyQ8552QQqPgwC4nKOjSWBjgIZOh4g;BotBYq6mZm63K5wmlJXJP7o6AWO_KZCtZHHcradWOacDlg;PornStarRengar;3506;JEqKX_mQZ7UBc8oKa0FA4NtI0p_Bs2tDxDsKoUer0BPHiO1gSqNvAq_3RxKvY4wbEEUWtKNmKBi7IA;1558885353000;163
0;YYtReA33FFegETxTzvahJkbqPjVfflXVB-78lVLAjuFx-JY;eqNFi8Pq1BCvNWodcHAgP0y_FlQdhyhgtGk-p6cKRCk;SevenJin;1426;NzPJCf6OtQfw3DgeL8OO0hCqMmj1OppKo-f_lpdeU-Uj69l7Pdw3I7mEX_2MhBn-dTj6DESBkrfhQA;1558897301000;183
0;wETT8I_kyScY-MHZ7QVr6rTYZPnbQ90hk0989mHt0feNkwU;oPWxSYN_zu-U0rhrsrp6AuF9neQpbJa_fwyBd9onsAMwCw;Qing TianZhu;870;NV32nD_C32N7_SBiiL3QUhzIeP44ryGchO8Tdux-ID3Yg8qTNMaenN7uM4pQt7n9XqYwg2qclZE8wg;1558968547000;205
0;woNKcO4k2770ebT2dIX44xPbKq96Y1lK6cPow8LsHVNv41w;iexgsYYU7_Uw0gmNtSk9dJLIeE77c9ebohIxM9QU_x4;Best Rumble Ua;4031;cjLMCq9b0IXto-TZ08VvVPxreR23zudREGJFi9YozcKR-exBnB_szKU8mQEkysSn-cisoQFVUXpODQ;1558949293000;126
0;5jJCU_3uOofBGDY2a2wtLTguLWxVFOZr29GFdtlVgwyifIY;DgYuPB0YJOsVSK9lWTq0jfdgPxAYLHf6KkTHCudnup_fNgM;FInaLLovelesS;4087;oEMW92fR3sA7qZ16YrZp-AftecasI_q9uxaQoQ3cJtqtzRmO42WpE-d1hqJqBmtSyZXCxqF07ZFXnw;1558898981000;143
0;xNa911jmoYngsC8zNqVFrXbIaLpYUaX1Ny2U1TX_iZBHZkM;8jjtzJNzq9iIH-JI2WcpDR9gxGPB8-pQ7gFjPPkoXhA;Noirr;0;1eG4EX0ScHeU2ECXb-ptBN89JP8r95iXQy8hZIAaR5g_N4H4j5SNdNpBgSkcVaGT3XYvXWZpA2PPfg;1558991049000;301
0;61ZWrZhbsJ7ZoU6Ci6aGmmBQt9YhbKhv21hI8F9ItCNyrrgK71znOW1T;QEN57ddyN39N0fzbR_yQBsgQgvht9_6D0luD3_tZIL_G7M4;LesnikIzLatviiV2;4089;upkK6GlRdWlHV-1biyRVd_B3S0jY70AJ3K3F2dfHxMV_iKr96gpfeTmQuQdPzQp-9nsgjQgiJCv1tA;1558997833000;80
0;0HUp5YoUz34JRMrOlYR6N55ld81t6Zp_PE9nBNyistFcuuw;Vjuf_k0JWdpyhtZMcvX8-DhFx37CBt6fl9-SZ1r6JJqz;Crosszeria;3560;qHGjjAseVLBIqwxE_tBJXAAv9xSXKHdDQcJ0OSwMYxr5pfl0KL0aUv2sp1e2sP7EyZd0biIpzMq-tA;1558892830000;158
0;UY8aHqkaNRpkhh3XZth6_XOmMPW-yM3-qp0j5_bPDFVC1l0;U9UqoQQtvX4mARJC7lLkbq8M8mVx_uMAMQIOn_tGoL6o;Imperiаl;14;L_JPMOxkZ98WQDBmbMj5wwwCvW2d9Z0RIx7Gbgcv5DJ4kSmzDHFWfX3c_ZG5KXBqRNm-muCd2KKigA;1558955096000;124
0;VTXmk98V0euYF1HTRG2Chq0IxzcFp-QzZ5SVb6ALl0EoCcc;wg94jN-LulIJEwBxIUxT8dC6Txp7AvtMCP55Kr0lo_xCUw;Dimil;3812;DWFuXgzojEhNzFBlvSr1lzi0ZCIXLMhMhDUTckbHDXWF7qV4ZF6TPAYV3jMT8nHcP584MupMIfbnGg;1558641478000;142
0;4JcYZUkcBUTdtnEoZb0aKCobAA11nGJp-SETrwm7ie85A3d1zlsNYrKF;rzBlkrbfDDuWKip92BKjxnTH1sHiJOEqW0F0_GZnElbwKU8;Taliyah;3545;QrOGaT6HXG52qQuRRPAe5Wfj6lhvTWgLThcHVJCqP6b0q19GEjx6Mlp9I6a077grj0EeBFl0q1hUEw;1559013689000;55
0;s4XYOPSDyteeUoczSzvvOL_cd8uAr3eg4wsdVP5Xp2ibVv0;9JR8OEB9b-WuDq6YO1eczkPluBk4Qo2ccCjDdlDRAdlQFA;Nevermurr;1296;zATIvSN9nDdf131G5RneB8NhjFy-OY4Aq_PsVt4I_osA_4eAyily1qFpbaA7MTsptZWbwWbiX6-UfQ;1558998494000;95
0;1QhHkYYCaw3wK0jOmi0tp_bySBA8mJTqNNEf62UmThFPs7w;66BhKUFJOwdqbgRtXFoha2vXAXfv7eSBbZc1nvcWDf14;Пoнтий Пилат;564;xRRVxBhby6bsCrt-ludmm4-AmHMMQpPeIARA7Bcq_HY2SRe6nepYgEsOJxOTCM2LAVvu6zq3TN0sTQ;1558994943000;251
0;HyhOiekgmjYWX54zVjDwQrxvEIWMRDTbaAyMNNiv7LKY8kA;JjaFCsS0w-ykPcJsp9Fn4rmvE-MaxCOJA9_Bt5iyi5Qe;korol40000;4022;RhG56gb4B55v_K5nEYGyMv_rodUrHzltaLQSu28TJBiAWPh--VfQ4KTZIjncDmtU7xA7lD3ehUG7og;1558996027000;67
0;9oQlYVCRh3JtjX-rwcVwRPvSTsv_rM_coM4tZ-uQMdd1Z7I;b-caYMpuDAw-YQEnrlBmU6N2l8uQ3o0NBng_R8Nb9pzHig;Roronoa Zoro;3796;BIGTIO0huKB21iNXx54UAmclNCPo5tBfkFcifuF7i8Vg4LFOeSKBLkuevZMphlHM6146p53XussMKw;1558977605000;176
0;TuH5D4_67crIWhdIzgjgIDTLVMGdpHh0_Aur9elI5YVKY7g;CBS6inTXacCSVM0WKuvSLPQDhayza1cOzv6otmQa4vo;ШАКОПИТЕК;1387;z88Jn8X0GVbmlncIzhdf0h_j6rzffgAxrfeUl5bWCydfQuv-tN25WhsJVa7hznYBE8EkYSU4aZrrqA;1558983022000;213
